product_id,description
1,A budget-friendly product with satisfactory performance.
2,A popular product with high demand and positive reviews.
3,A highly recommended product with exceptional value.
4,An innovative product with cutting-edge technology.
5,A budget-friendly product with satisfactory performance.
6,A user-friendly product with easy setup and usage.
7,A premium product offering the best performance and durability.
8,A budget-friendly product with satisfactory performance.
9,A highly recommended product with exceptional value.
10,An innovative product with cutting-edge technology.
11,A popular product with high demand and positive reviews.
12,A highly recommended product with exceptional value.
13,A highly recommended product with exceptional value.
14,A premium product offering the best performance and durability.
15,A reliable product with excellent customer support.
16,An innovative product with cutting-edge technology.
17,An affordable product with decent features and reliability.
18,A highly recommended product with exceptional value.
19,A reliable product with excellent customer support.
20,An affordable product with decent features and reliability.
21,An innovative product with cutting-edge technology.
22,This is a fantastic product with high quality and great features.
23,A user-friendly product with easy setup and usage.
24,A reliable product with excellent customer support.
25,A durable product that lasts long and performs well.
26,This is a fantastic product with high quality and great features.
27,A user-friendly product with easy setup and usage.
28,A premium product offering the best performance and durability.
29,A budget-friendly product with satisfactory performance.
30,A popular product with high demand and positive reviews.
31,A durable product that lasts long and performs well.
32,A premium product offering the best performance and durability.
33,An innovative product with cutting-edge technology.
34,A premium product offering the best performance and durability.
35,A budget-friendly product with satisfactory performance.
36,An innovative product with cutting-edge technology.
37,A durable product that lasts long and performs well.
38,A budget-friendly product with satisfactory performance.
39,An affordable product with decent features and reliability.
40,A popular product with high demand and positive reviews.
41,A durable product that lasts long and performs well.
42,An affordable product with decent features and reliability.
43,A user-friendly product with easy setup and usage.
44,A durable product that lasts long and performs well.
45,A user-friendly product with easy setup and usage.
46,An innovative product with cutting-edge technology.
47,An affordable product with decent features and reliability.
48,A popular product with high demand and positive reviews.
49,A budget-friendly product with satisfactory performance.
50,A highly recommended product with exceptional value.
51,A premium product offering the best performance and durability.
52,This is a fantastic product with high quality and great features.
53,A popular product with high demand and positive reviews.
54,An affordable product with decent features and reliability.
55,A highly recommended product with exceptional value.
56,A popular product with high demand and positive reviews.
57,An affordable product with decent features and reliability.
58,A reliable product with excellent customer support.
59,A reliable product with excellent customer support.
60,A user-friendly product with easy setup and usage.
61,A popular product with high demand and positive reviews.
62,A reliable product with excellent customer support.
63,An affordable product with decent features and reliability.
64,A user-friendly product with easy setup and usage.
65,An affordable product with decent features and reliability.
66,A user-friendly product with easy setup and usage.
67,A popular product with high demand and positive reviews.
68,A highly recommended product with exceptional value.
69,A budget-friendly product with satisfactory performance.
70,A durable product that lasts long and performs well.
71,A highly recommended product with exceptional value.
72,An innovative product with cutting-edge technology.
73,An affordable product with decent features and reliability.
74,An innovative product with cutting-edge technology.
75,A highly recommended product with exceptional value.
76,A user-friendly product with easy setup and usage.
77,A durable product that lasts long and performs well.
78,A durable product that lasts long and performs well.
79,This is a fantastic product with high quality and great features.
80,A durable product that lasts long and performs well.
81,A budget-friendly product with satisfactory performance.
82,A durable product that lasts long and performs well.
83,A highly recommended product with exceptional value.
84,This is a fantastic product with high quality and great features.
85,A highly recommended product with exceptional value.
86,A highly recommended product with exceptional value.
87,A premium product offering the best performance and durability.
88,This is a fantastic product with high quality and great features.
89,A highly recommended product with exceptional value.
90,A premium product offering the best performance and durability.
91,A premium product offering the best performance and durability.
92,This is a fantastic product with high quality and great features.
93,An innovative product with cutting-edge technology.
94,A user-friendly product with easy setup and usage.
95,A budget-friendly product with satisfactory performance.
96,A user-friendly product with easy setup and usage.
97,A durable product that lasts long and performs well.
98,A budget-friendly product with satisfactory performance.
99,A durable product that lasts long and performs well.
100,A highly recommended product with exceptional value.
101,An affordable product with decent features and reliability.
102,This is a fantastic product with high quality and great features.
103,A budget-friendly product with satisfactory performance.
104,A budget-friendly product with satisfactory performance.
105,A highly recommended product with exceptional value.
106,An innovative product with cutting-edge technology.
107,A premium product offering the best performance and durability.
108,A highly recommended product with exceptional value.
109,A reliable product with excellent customer support.
110,A premium product offering the best performance and durability.
111,This is a fantastic product with high quality and great features.
112,A premium product offering the best performance and durability.
113,An innovative product with cutting-edge technology.
114,A premium product offering the best performance and durability.
115,This is a fantastic product with high quality and great features.
116,An innovative product with cutting-edge technology.
117,A user-friendly product with easy setup and usage.
118,A budget-friendly product with satisfactory performance.
119,A budget-friendly product with satisfactory performance.
120,A durable product that lasts long and performs well.
121,A user-friendly product with easy setup and usage.
122,A user-friendly product with easy setup and usage.
123,A premium product offering the best performance and durability.
124,A budget-friendly product with satisfactory performance.
125,This is a fantastic product with high quality and great features.
126,A popular product with high demand and positive reviews.
127,A popular product with high demand and positive reviews.
128,An innovative product with cutting-edge technology.
129,A budget-friendly product with satisfactory performance.
130,A budget-friendly product with satisfactory performance.
131,A popular product with high demand and positive reviews.
132,A budget-friendly product with satisfactory performance.
133,A premium product offering the best performance and durability.
134,A reliable product with excellent customer support.
135,An affordable product with decent features and reliability.
136,A user-friendly product with easy setup and usage.
137,A durable product that lasts long and performs well.
138,An innovative product with cutting-edge technology.
139,A reliable product with excellent customer support.
140,A popular product with high demand and positive reviews.
141,A user-friendly product with easy setup and usage.
142,A budget-friendly product with satisfactory performance.
143,A durable product that lasts long and performs well.
144,A budget-friendly product with satisfactory performance.
145,This is a fantastic product with high quality and great features.
146,This is a fantastic product with high quality and great features.
147,A durable product that lasts long and performs well.
148,A durable product that lasts long and performs well.
149,A popular product with high demand and positive reviews.
150,A durable product that lasts long and performs well.
151,A premium product offering the best performance and durability.
152,A budget-friendly product with satisfactory performance.
153,A reliable product with excellent customer support.
154,A highly recommended product with exceptional value.
155,A durable product that lasts long and performs well.
156,An innovative product with cutting-edge technology.
157,This is a fantastic product with high quality and great features.
158,A premium product offering the best performance and durability.
159,A user-friendly product with easy setup and usage.
160,A highly recommended product with exceptional value.
161,A reliable product with excellent customer support.
162,A highly recommended product with exceptional value.
163,A durable product that lasts long and performs well.
164,A popular product with high demand and positive reviews.
165,This is a fantastic product with high quality and great features.
166,This is a fantastic product with high quality and great features.
167,A user-friendly product with easy setup and usage.
168,A popular product with high demand and positive reviews.
169,A budget-friendly product with satisfactory performance.
170,An affordable product with decent features and reliability.
171,A premium product offering the best performance and durability.
172,This is a fantastic product with high quality and great features.
173,An innovative product with cutting-edge technology.
174,This is a fantastic product with high quality and great features.
175,A highly recommended product with exceptional value.
176,This is a fantastic product with high quality and great features.
177,This is a fantastic product with high quality and great features.
178,An affordable product with decent features and reliability.
179,An affordable product with decent features and reliability.
180,A reliable product with excellent customer support.
181,A budget-friendly product with satisfactory performance.
182,An innovative product with cutting-edge technology.
183,This is a fantastic product with high quality and great features.
184,This is a fantastic product with high quality and great features.
185,A premium product offering the best performance and durability.
186,An affordable product with decent features and reliability.
187,An innovative product with cutting-edge technology.
188,A user-friendly product with easy setup and usage.
189,A reliable product with excellent customer support.
190,A budget-friendly product with satisfactory performance.
191,A popular product with high demand and positive reviews.
192,A budget-friendly product with satisfactory performance.
193,A highly recommended product with exceptional value.
194,This is a fantastic product with high quality and great features.
195,A reliable product with excellent customer support.
196,A highly recommended product with exceptional value.
197,An innovative product with cutting-edge technology.
198,A popular product with high demand and positive reviews.
199,An affordable product with decent features and reliability.
200,A reliable product with excellent customer support.
201,A reliable product with excellent customer support.
202,This is a fantastic product with high quality and great features.
203,A durable product that lasts long and performs well.
204,A reliable product with excellent customer support.
205,A premium product offering the best performance and durability.
206,A popular product with high demand and positive reviews.
207,A popular product with high demand and positive reviews.
208,A premium product offering the best performance and durability.
209,A user-friendly product with easy setup and usage.
210,A premium product offering the best performance and durability.
211,A premium product offering the best performance and durability.
212,A popular product with high demand and positive reviews.
213,A budget-friendly product with satisfactory performance.
214,A popular product with high demand and positive reviews.
215,A durable product that lasts long and performs well.
216,This is a fantastic product with high quality and great features.
217,A highly recommended product with exceptional value.
218,A budget-friendly product with satisfactory performance.
219,An affordable product with decent features and reliability.
220,A highly recommended product with exceptional value.
221,This is a fantastic product with high quality and great features.
222,A durable product that lasts long and performs well.
223,A durable product that lasts long and performs well.
224,An affordable product with decent features and reliability.
225,A budget-friendly product with satisfactory performance.
226,A user-friendly product with easy setup and usage.
227,A premium product offering the best performance and durability.
228,A budget-friendly product with satisfactory performance.
229,A user-friendly product with easy setup and usage.
230,A durable product that lasts long and performs well.
231,A popular product with high demand and positive reviews.
232,This is a fantastic product with high quality and great features.
233,An affordable product with decent features and reliability.
234,This is a fantastic product with high quality and great features.
235,An innovative product with cutting-edge technology.
236,An innovative product with cutting-edge technology.
237,A budget-friendly product with satisfactory performance.
238,A durable product that lasts long and performs well.
239,A durable product that lasts long and performs well.
240,A premium product offering the best performance and durability.
241,A premium product offering the best performance and durability.
242,A premium product offering the best performance and durability.
243,A popular product with high demand and positive reviews.
244,A highly recommended product with exceptional value.
245,A reliable product with excellent customer support.
246,A highly recommended product with exceptional value.
247,This is a fantastic product with high quality and great features.
248,A highly recommended product with exceptional value.
249,A popular product with high demand and positive reviews.
250,This is a fantastic product with high quality and great features.
251,A highly recommended product with exceptional value.
252,A popular product with high demand and positive reviews.
253,A reliable product with excellent customer support.
254,A highly recommended product with exceptional value.
255,A popular product with high demand and positive reviews.
256,A premium product offering the best performance and durability.
257,A durable product that lasts long and performs well.
258,A premium product offering the best performance and durability.
259,A durable product that lasts long and performs well.
260,An affordable product with decent features and reliability.
261,An affordable product with decent features and reliability.
262,An affordable product with decent features and reliability.
263,A reliable product with excellent customer support.
264,A premium product offering the best performance and durability.
265,A durable product that lasts long and performs well.
266,A popular product with high demand and positive reviews.
267,This is a fantastic product with high quality and great features.
268,A popular product with high demand and positive reviews.
269,This is a fantastic product with high quality and great features.
270,An innovative product with cutting-edge technology.
271,A popular product with high demand and positive reviews.
272,A highly recommended product with exceptional value.
273,A highly recommended product with exceptional value.
274,A budget-friendly product with satisfactory performance.
275,A premium product offering the best performance and durability.
276,This is a fantastic product with high quality and great features.
277,This is a fantastic product with high quality and great features.
278,A premium product offering the best performance and durability.
279,A reliable product with excellent customer support.
280,A budget-friendly product with satisfactory performance.
281,A reliable product with excellent customer support.
282,A reliable product with excellent customer support.
283,A reliable product with excellent customer support.
284,A premium product offering the best performance and durability.
285,A reliable product with excellent customer support.
286,A highly recommended product with exceptional value.
287,An affordable product with decent features and reliability.
288,An innovative product with cutting-edge technology.
289,This is a fantastic product with high quality and great features.
290,This is a fantastic product with high quality and great features.
291,An innovative product with cutting-edge technology.
292,A premium product offering the best performance and durability.
293,A popular product with high demand and positive reviews.
294,A premium product offering the best performance and durability.
295,This is a fantastic product with high quality and great features.
296,This is a fantastic product with high quality and great features.
297,An innovative product with cutting-edge technology.
298,A reliable product with excellent customer support.
299,A premium product offering the best performance and durability.
300,A durable product that lasts long and performs well.
301,An innovative product with cutting-edge technology.
302,A highly recommended product with exceptional value.
303,This is a fantastic product with high quality and great features.
304,An innovative product with cutting-edge technology.
305,A premium product offering the best performance and durability.
306,This is a fantastic product with high quality and great features.
307,A popular product with high demand and positive reviews.
308,An innovative product with cutting-edge technology.
309,A budget-friendly product with satisfactory performance.
310,This is a fantastic product with high quality and great features.
311,A premium product offering the best performance and durability.
312,An affordable product with decent features and reliability.
313,A durable product that lasts long and performs well.
314,A user-friendly product with easy setup and usage.
315,A reliable product with excellent customer support.
316,A user-friendly product with easy setup and usage.
317,A premium product offering the best performance and durability.
318,A highly recommended product with exceptional value.
319,A highly recommended product with exceptional value.
320,An affordable product with decent features and reliability.
321,A reliable product with excellent customer support.
322,A budget-friendly product with satisfactory performance.
323,An affordable product with decent features and reliability.
324,A user-friendly product with easy setup and usage.
325,An affordable product with decent features and reliability.
326,A user-friendly product with easy setup and usage.
327,This is a fantastic product with high quality and great features.
328,A highly recommended product with exceptional value.
329,This is a fantastic product with high quality and great features.
330,A durable product that lasts long and performs well.
331,A reliable product with excellent customer support.
332,A budget-friendly product with satisfactory performance.
333,A user-friendly product with easy setup and usage.
334,A budget-friendly product with satisfactory performance.
335,A user-friendly product with easy setup and usage.
336,A premium product offering the best performance and durability.
337,An affordable product with decent features and reliability.
338,A durable product that lasts long and performs well.
339,A highly recommended product with exceptional value.
340,A user-friendly product with easy setup and usage.
341,A budget-friendly product with satisfactory performance.
342,A durable product that lasts long and performs well.
343,A popular product with high demand and positive reviews.
344,A popular product with high demand and positive reviews.
345,This is a fantastic product with high quality and great features.
346,A highly recommended product with exceptional value.
347,A premium product offering the best performance and durability.
348,A budget-friendly product with satisfactory performance.
349,An affordable product with decent features and reliability.
350,An affordable product with decent features and reliability.
351,A budget-friendly product with satisfactory performance.
352,A reliable product with excellent customer support.
353,A premium product offering the best performance and durability.
354,A durable product that lasts long and performs well.
355,A user-friendly product with easy setup and usage.
356,A reliable product with excellent customer support.
357,A user-friendly product with easy setup and usage.
358,A user-friendly product with easy setup and usage.
359,A reliable product with excellent customer support.
360,This is a fantastic product with high quality and great features.
361,A popular product with high demand and positive reviews.
362,A user-friendly product with easy setup and usage.
363,A reliable product with excellent customer support.
364,A reliable product with excellent customer support.
365,An innovative product with cutting-edge technology.
366,This is a fantastic product with high quality and great features.
367,A highly recommended product with exceptional value.
368,An innovative product with cutting-edge technology.
369,An innovative product with cutting-edge technology.
370,A budget-friendly product with satisfactory performance.
371,A popular product with high demand and positive reviews.
372,A reliable product with excellent customer support.
373,A popular product with high demand and positive reviews.
374,A premium product offering the best performance and durability.
375,A budget-friendly product with satisfactory performance.
376,A highly recommended product with exceptional value.
377,A popular product with high demand and positive reviews.
378,An affordable product with decent features and reliability.
379,A user-friendly product with easy setup and usage.
380,A premium product offering the best performance and durability.
381,This is a fantastic product with high quality and great features.
382,A highly recommended product with exceptional value.
383,A premium product offering the best performance and durability.
384,A user-friendly product with easy setup and usage.
385,A budget-friendly product with satisfactory performance.
386,A user-friendly product with easy setup and usage.
387,An innovative product with cutting-edge technology.
388,A user-friendly product with easy setup and usage.
389,An innovative product with cutting-edge technology.
390,A budget-friendly product with satisfactory performance.
391,A durable product that lasts long and performs well.
392,An innovative product with cutting-edge technology.
393,This is a fantastic product with high quality and great features.
394,A user-friendly product with easy setup and usage.
395,A user-friendly product with easy setup and usage.
396,This is a fantastic product with high quality and great features.
397,An affordable product with decent features and reliability.
398,A reliable product with excellent customer support.
399,A durable product that lasts long and performs well.
400,A highly recommended product with exceptional value.
401,An innovative product with cutting-edge technology.
402,This is a fantastic product with high quality and great features.
403,A budget-friendly product with satisfactory performance.
404,An innovative product with cutting-edge technology.
405,A reliable product with excellent customer support.
406,A budget-friendly product with satisfactory performance.
407,A premium product offering the best performance and durability.
408,A user-friendly product with easy setup and usage.
409,A premium product offering the best performance and durability.
410,An innovative product with cutting-edge technology.
411,A reliable product with excellent customer support.
412,A durable product that lasts long and performs well.
413,An innovative product with cutting-edge technology.
414,This is a fantastic product with high quality and great features.
415,A popular product with high demand and positive reviews.
416,An innovative product with cutting-edge technology.
417,A user-friendly product with easy setup and usage.
418,A user-friendly product with easy setup and usage.
419,An innovative product with cutting-edge technology.
420,A budget-friendly product with satisfactory performance.
421,A popular product with high demand and positive reviews.
422,This is a fantastic product with high quality and great features.
423,An innovative product with cutting-edge technology.
424,A budget-friendly product with satisfactory performance.
425,A user-friendly product with easy setup and usage.
426,A user-friendly product with easy setup and usage.
427,A reliable product with excellent customer support.
428,An innovative product with cutting-edge technology.
429,A popular product with high demand and positive reviews.
430,An affordable product with decent features and reliability.
431,A popular product with high demand and positive reviews.
432,A user-friendly product with easy setup and usage.
433,A user-friendly product with easy setup and usage.
434,A premium product offering the best performance and durability.
435,A user-friendly product with easy setup and usage.
436,This is a fantastic product with high quality and great features.
437,A highly recommended product with exceptional value.
438,An innovative product with cutting-edge technology.
439,A popular product with high demand and positive reviews.
440,A highly recommended product with exceptional value.
441,A budget-friendly product with satisfactory performance.
442,An affordable product with decent features and reliability.
443,This is a fantastic product with high quality and great features.
444,A popular product with high demand and positive reviews.
445,A highly recommended product with exceptional value.
446,An affordable product with decent features and reliability.
447,A premium product offering the best performance and durability.
448,This is a fantastic product with high quality and great features.
449,This is a fantastic product with high quality and great features.
450,A premium product offering the best performance and durability.
451,An innovative product with cutting-edge technology.
452,A premium product offering the best performance and durability.
453,This is a fantastic product with high quality and great features.
454,This is a fantastic product with high quality and great features.
455,A highly recommended product with exceptional value.
456,A user-friendly product with easy setup and usage.
457,An affordable product with decent features and reliability.
458,A premium product offering the best performance and durability.
459,An affordable product with decent features and reliability.
460,A premium product offering the best performance and durability.
461,A budget-friendly product with satisfactory performance.
462,This is a fantastic product with high quality and great features.
463,A user-friendly product with easy setup and usage.
464,A highly recommended product with exceptional value.
465,A user-friendly product with easy setup and usage.
466,A user-friendly product with easy setup and usage.
467,A user-friendly product with easy setup and usage.
468,An affordable product with decent features and reliability.
469,A premium product offering the best performance and durability.
470,A durable product that lasts long and performs well.
471,A budget-friendly product with satisfactory performance.
472,A popular product with high demand and positive reviews.
473,A user-friendly product with easy setup and usage.
474,An innovative product with cutting-edge technology.
475,An affordable product with decent features and reliability.
476,A highly recommended product with exceptional value.
477,A popular product with high demand and positive reviews.
478,A durable product that lasts long and performs well.
479,An innovative product with cutting-edge technology.
480,A durable product that lasts long and performs well.
481,A popular product with high demand and positive reviews.
482,A user-friendly product with easy setup and usage.
483,An innovative product with cutting-edge technology.
484,A durable product that lasts long and performs well.
485,A highly recommended product with exceptional value.
486,A premium product offering the best performance and durability.
487,This is a fantastic product with high quality and great features.
488,A premium product offering the best performance and durability.
489,A popular product with high demand and positive reviews.
490,An affordable product with decent features and reliability.
491,This is a fantastic product with high quality and great features.
492,A budget-friendly product with satisfactory performance.
493,A highly recommended product with exceptional value.
494,A budget-friendly product with satisfactory performance.
495,An innovative product with cutting-edge technology.
496,This is a fantastic product with high quality and great features.
497,A budget-friendly product with satisfactory performance.
498,A budget-friendly product with satisfactory performance.
499,A durable product that lasts long and performs well.
500,A premium product offering the best performance and durability.
